num_tokens,latency,prediction,type,question
515,0.6833376884460449,0,0,Tell me about 'Strategic Management (Quickstudy: Business)'.
517,0.6017253398895264,0,0,Tell me about 'Palm Pre Clear LCD Screen Protector w/Clean Cloth'.
519,0.7810604572296143,0,0,Tell me about 'ACDelco LS98 GM Original Equipment Multi-Purpose Lamp Socket'.
509,0.6559436321258545,0,0,Tell me about 'Tattoo'.
520,0.8260774612426758,0,0,Tell me about 'Irwin #MPS1714 12&quot; Carpenter Pull Saw'.
535,0.6000685691833496,0,0,Tell me about 'All Black Samsung Galaxy S3 (i9300) Heavy Duty Hybrid Case Combo (Outer Silicone + Inner Hard Shell Case W/ Kickstand)'.
521,0.7930047512054443,0,0,Tell me about 'Crazy Girl So Tight! Vaginal Shrink Gel (small)'.
516,1.0991699695587158,0,0,Tell me about 'Magic Tree House CD Collection Books 9-16'.
518,0.6512691974639893,0,0,Tell me about 'Women Razor, Shaver Handle with Swarovski Crystals'.
526,1.1023130416870117,0,0,Tell me about 'Los Chileros Chile Ancho Powder, 3-Ounce Packages (Pack of 6)'.
533,0.8224596977233887,0,0,Tell me about 'Country Style Writing Desk (Antique White) (30&quot;H x 48&quot;W x 28&quot;D)'.
544,0.7611510753631592,0,0,Tell me about 'Double Horse DH9116-16 swashplate USA 38cm Double Horse 9116 2.4GHz 4-Channel LCD Display RC Helicopter W/Gyro replacement parts'.
518,0.9500203132629395,0,0,Tell me about 'Fisher-Price: Kid Tough Doodler - Pink'.
514,0.7970471382141113,0,0,Tell me about 'Beginning Visual C# 2012 Programming'.
522,0.8336970806121826,0,0,Tell me about 'Gretsch G2224 Junior Jet Electric Bass Guitar II - Tobacco Sunburst'.
514,0.6658554077148438,0,0,Tell me about 'Dear Austin: Letters from the Underground Railroad'.
511,0.70318603515625,0,0,Tell me about 'Gel Toe Separators'.
515,0.703850507736206,0,0,Tell me about 'Teva Men's Katavi Outdoor Sandal'.
515,0.8486192226409912,0,0,Tell me about 'IZOD Men's Flat Front Microfiber Short'.
514,1.2831802368164062,0,0,Tell me about 'Northside Women's Tahoe Waterproof Snow Boot'.
521,0.8487744331359863,0,0,Tell me about 'LG 505C Prepaid Phone With Triple Minutes (Tracfone)'.
515,0.6603755950927734,0,0,Tell me about 'Remembrance Day Lone Soldier Poppy Pin Badge'.
521,0.66841721534729,0,0,Tell me about 'The Hunger Games Finnick Reusable Cup 16oz Victor District 4'.
518,0.5128777027130127,0,0,Tell me about 'Moog DS1138T Steering Center Link Tie Rod End'.
515,0.9922864437103271,0,0,Tell me about 'Secret Wishes Sugar Plum Fairy Costume With Wings'.
523,0.6714136600494385,0,0,Tell me about 'Uoften (TM) Keyhole with Metal Buckle Bodycon Pencil Party Dress'.
531,0.602330207824707,0,0,Tell me about 'Redken Blonde Glam 10.1 oz. Shampoo + 8.5 oz. Conditioner (Combo Deal)'.
514,1.1700842380523682,0,0,Tell me about 'Dockers Men's Catalina Slip-On'.
530,0.9434223175048828,0,0,Tell me about 'Dr. Woods Ideal Skin Care, Pure Black Soap with Shea Butter, 32-Ounce (Pack of 12)'.
522,0.6056222915649414,0,0,Tell me about 'Redating Matthew, Mark and Luke: A Fresh Assault on the Synoptic Problem'.
520,0.6936979293823242,0,0,Tell me about 'Graco SnugRide Classic Connect Infant Car Seat Base, Tan'.
533,0.6965761184692383,0,0,Tell me about 'Impressions 1500 Series Wrinkle Resistant King/California King Duvet Cover 3-pc Set Solid, Tan'.
510,1.289567470550537,0,0,Tell me about 'LEKI Performance Basket'.
517,0.7427184581756592,0,0,Tell me about 'Clarks Women's Mullen Spice Knee-High Boot'.
524,0.9756205081939697,0,0,Tell me about 'For the Sender: Love Is (Not a Feeling): &quot;Includes CD&quot;'.
548,0.594785213470459,0,0,Tell me about '&quot;La Sante&quot;, GLB Cock and Ball Ring . Heavy Duty Stainless steel Chastity Device . Adjustable . Welded by Manhood AcademyTM . Made in USA (2&quot; Ring)'.
516,0.8952453136444092,0,0,Tell me about 'The Midnight Fox (Puffin story books)'.
520,0.6679966449737549,0,0,Tell me about 'Hiport Laptop Battery For Dell PP42L/AB Laptop Notebook Computers'.
518,1.1091094017028809,0,0,Tell me about 'Big Splash! (The Grunt and The Grouch)'.
527,0.6179530620574951,0,0,Tell me about 'Making Things Happen: A Theory of Causal Explanation (Oxford Studies in the Philosophy of Science)'.
526,0.6582474708557129,0,0,Tell me about 'Nude With Back Seam - Beige Opaque Seamed Designer Pantyhose (Tights)'.
533,0.5301039218902588,0,0,Tell me about 'Issey Miyake L'eau D'issey By Issey Miyake For Men. Deodorant Spray 5-Ounces'.
519,0.5486166477203369,0,0,Tell me about 'Vibrant Multicolored Polka Dot Infinity Loop Scarf'.
527,1.557035207748413,0,0,Tell me about 'Womanswork 706M Black and White Floral Gauntlet Glove with Synthetic Leather Palm, Medium'.
517,0.723299503326416,0,0,Tell me about 'Purchasing for Chefs: A Concise Guide'.
515,0.7915492057800293,0,0,Tell me about 'Dunecraft Cactus Garden Science Kit'.
519,0.7666430473327637,0,0,Tell me about 'Arthur Court Butterfly Pitcher, 2-3/4 Quart'.
522,0.7211391925811768,0,0,Tell me about 'Levy's Leathers LM18-BRN Leather Deluxe Electric Guitar Bag, Brown'.
514,0.8044474124908447,0,0,Tell me about 'From King of Pop to Mahatma'.
529,0.7319152355194092,0,0,Tell me about 'Schecter Stiletto Studio-4 Electric Bass (4 String, Left Handed, Honey Satin)'.
518,0.9617092609405518,0,0,Tell me about 'Teach Us to Pray (A Cowley Classic)'.
511,0.740095853805542,0,0,Tell me about 'Obey God's Word'.
518,0.8696720600128174,0,0,Tell me about 'DEWALT DW7026 Miter Saw Stand Carry Strap'.
523,1.242396354675293,0,0,Tell me about 'Philips SRU5107WM Perfect Replacement Universal Remote Control 7 in 1'.
519,0.92523193359375,0,0,Tell me about 'Pac-Man Micro Raschel Fleece Throw Blanket'.
509,0.6894416809082031,0,0,Tell me about 'Risotto'.
525,0.6124968528747559,0,0,Tell me about 'Time Has Come: The Best Of Ziggy Marley &amp; The Melody Makers'.
530,0.6297783851623535,0,0,Tell me about 'Almay Line Smoothing Concealer with SPF 10, Light/Medium 200, 0.18 Ounce'.
518,0.9425275325775146,0,0,Tell me about 'For Pantech Swift P6020 Hard Case Cover Hot Pink'.
520,1.9106545448303223,0,0,Tell me about 'Flambeau Tackle IDS Tuff Tainer Tackle Boxes'.
515,1.1813809871673584,0,0,Tell me about 'Mann Filter MC 1051 Cabin Filter'.
518,0.9466922283172607,0,0,Tell me about 'Genuine Jeep Accessories 82212646 Molded Cargo Tray'.
514,0.5022509098052979,0,0,Tell me about 'Iron Triangle (Vietnam Ground Zero)'.
512,0.7875452041625977,0,0,Tell me about 'Toward a Deeper Meditation'.
548,0.6161482334136963,0,0,Tell me about 'Pavement Ends(TM) 51197-33 Dark Tan Replay(TM) Replacement Soft Top Tinted Windows-With upper Door Skins-No frame hardware included- 1997-2002 Jeep Wrangler'.
516,0.7068920135498047,0,0,Tell me about 'Sugar House Women's Cait-3 Gladiator Sandal'.
516,0.7206661701202393,0,0,Tell me about 'Pediatric Heart Surgery: A Ready Reference for Professionals'.
524,1.3051352500915527,0,0,Tell me about 'Doce Pares #1 Multi-System Eskrima Kali-Arnis DVD'.
532,1.3249144554138184,0,0,Tell me about 'Coleman Cable 14-100-14 Primary Wire, 14-Gauge 100-Feet Bulk Spool, Yellow'.
531,0.7305660247802734,0,0,Tell me about 'Big Tree Farms Coconut&nbsp; Sugar Fleur de Sel, 14-Ounce Pouches (Pack of 3)'.
526,0.7460134029388428,0,0,Tell me about 'Keen Women's Betty Boot (Slate Black/ Grayed Jade) - 7.5'.
524,0.5611875057220459,0,0,Tell me about 'Sacred Service in Civic Space: Three Hundred Years of Community Ministry in Unitarian Universalism'.
523,0.7868349552154541,0,0,Tell me about 'Arca-Swiss Monoball Z1 Single Pan Ballhead with Quick Release'.
522,1.158510446548462,0,0,Tell me about 'Juniper Unisex Low Profile Waxed Cotton Canvas Baseball Cap-12790010'.
522,0.800922155380249,0,0,Tell me about 'Live Faithfully: A Study in the Book of James (Fresh Life Series)'.
507,0.8382573127746582,0,0,Tell me about 'pal'.
520,0.7410814762115479,0,0,Tell me about 'Facing Farewell: Making the Decision to Euthanize Your Pet'.
510,0.7895016670227051,0,0,Tell me about 'ProLine Scratch Guard'.
521,0.9953253269195557,0,0,Tell me about 'Sunbrella Linen Sesame #8318 Indoor / Outdoor Furniture Fabric'.
551,0.5539772510528564,0,0,Tell me about 'CowboyStudio 3000 Watt Photography and Digital Video Continuous Lighting Light Kit with Carrying Case - 3 Light Stands, 3 Light Heads w/5 bulbs, 3 Softboxes, 15 Photo Bulbs'.
521,0.6698803901672363,1,1,What is the brand of the item 'Supa Cage Tidies Bird Cage Floor Cover'?
543,0.5852851867675781,1,1,What is the brand of the item 'Michael Jackson Ladies Perfume With Hologram. Ladies Eau De Toilette - Natural Spray. 60 ML 2.0 US FL. OZ'?
527,0.6284599304199219,1,1,What is the brand of the item 'Heat Press Nation Non-Stick Sheet , 16&quot; x 21&quot;'?
525,1.222120761871338,1,1,What is the brand of the item 'NoseFrida Hygienic Filters 20pcs/box'?
535,0.7234792709350586,1,1,What is the brand of the item '1 NoseFrida Nasal Aspirator, 24 Hygiene Filters, 10 single-use The Windi'?
529,0.6224372386932373,1,1,What is the brand of the item 'The Windi Gas and Colic Reliever for Babies - 3 Pack (30 Count)'?
529,0.7951796054840088,1,1,What is the brand of the item 'The Windi Gas and Colic Reliever for Babies - 1 Pack (10 Count)'?
529,1.131014347076416,1,1,What is the brand of the item 'Fridababy The Windi Gas and Colic Relief,  10-Count'?
518,0.7346856594085693,1,1,What is the brand of the item 'Nosefrida Hygiene Filters'?
535,0.66506028175354,1,1,What is the brand of the item 'Solartech SPM130P 130-Watt 12-Volt Polycrystalline PV Solar Panel'?
545,0.5741965770721436,1,1,What are the brands of the items that are also bought after viewing the item 'Baby colic : Baby will sleep through the night and so will you/ Babies' Magic Tea is a must have for every mom'?
538,0.6544849872589111,1,1,What are the brands of the items that are also bought after viewing the item 'Happi Tummi Baby Colic Gas Relief Remedy-Herbal Refill Pack'?
537,0.629589319229126,1,1,What are the brands of the items that are also bought after viewing the item 'Fridababy The Windi Gas and Colic Relief,  10-Count'?
531,0.7970192432403564,1,1,What are the brands of the items that are also bought after viewing the item 'HAPPI TUMMI COLIC RELIEF BLUE'?
531,0.7006044387817383,1,1,What are the brands of the items that are also bought after viewing the item 'Happi Tummi Removable Waistband - Blue'?
526,0.8511521816253662,1,1,What are the brands of the items that are also bought after viewing the item 'Baby Wellness: No More Crying'?
547,0.7163143157958984,1,1,What are the brands of the items that are also bought after viewing the item 'Colic Solved: The Essential Guide to Infant Reflux and the Care of Your Crying, Difficult-to- Soothe Baby'?
530,0.7653787136077881,1,1,What are the brands of the items that are also bought after viewing the item 'Nosefrida Hygiene Filters, 100 Count'?
537,0.6308517456054688,1,1,What are the brands of the items that are also bought after viewing the item 'Nosefrida Nasal Aspirator with addtional 40 Hygiene Filters'?
535,0.7955384254455566,1,1,What are the brands of the items that are also bought after viewing the item 'Piyo Piyo Stylish Nasal Aspirator - No expensive filter needed'?
531,1.1024248600006104,1,1,What are the items that are also viewed when viewing items of the brand owning the item 'Supa Cage Tidies Bird Cage Floor Cover'?
535,0.8376436233520508,1,1,What are the items that are also viewed when viewing items of the brand owning the item 'Three Dots Red Women's Mid Short Sleeve Top, White, Medium'?
531,0.811077356338501,1,1,What are the items that are also viewed when viewing items of the brand owning the item '24 x 54 Sun Dome Pool Cover Rectangle Kit'?
532,0.7047085762023926,1,1,What are the items that are also viewed when viewing items of the brand owning the item 'The D.E. Removal Bag for Pool Filter Backwashing'?
548,0.7682433128356934,1,1,What are the items that are also viewed when viewing items of the brand owning the item 'Worry Free Repellent Granules Shaker Top for Dog/Cat/Bird, 32-Ounce (Discontinued by Manufacturer)'?
541,0.6039137840270996,1,1,What are the items that are also viewed when viewing items of the brand owning the item 'BetaNOX Berry Lemon Blast, 12-Count, 3.8- Ounce Tubes'?
535,0.6471397876739502,1,1,What are the items that are also viewed when viewing items of the brand owning the item 'MEGA PRO INTERNATIONAL CARBO HIT POWDER 3LB. Tub'?
530,0.7438535690307617,1,1,What are the items that are also viewed when viewing items of the brand owning the item 'TY Beanie Baby - GUS the Gecko'?
529,1.1568474769592285,1,1,What are the items that are also viewed when viewing items of the brand owning the item 'TaB Diet Cola 12 Pack'?
533,0.7525215148925781,1,1,What are the items that are also viewed when viewing items of the brand owning the item 'Cool-X Half Finger Mens Left Hand Golf Glove Med Rare'?
550,0.8629045486450195,1,1,What are the brands of the items that are also bought with items of the brand owning the item 'Worry Free Repellent Granules Shaker Top for Dog/Cat/Bird, 32-Ounce (Discontinued by Manufacturer)'?
538,1.296255111694336,1,1,What are the brands of the items that are also bought with items of the brand owning the item 'Lisa Frank Glitter Art Kit ~ Kitten &amp; Puppy Movie Night'?
529,1.5933916568756104,1,1,What are the brands of the items that are also bought with items of the brand owning the item 'Steel Mechanix Helicopter Kit'?
529,0.7907683849334717,1,1,What are the brands of the items that are also bought with items of the brand owning the item 'Creative Kids Super Magic Projector'?
537,0.6698324680328369,1,1,What are the brands of the items that are also bought with items of the brand owning the item 'Angry Birds Clicker Flickers Pen and Flying Pen Tops Set'?
532,0.7673130035400391,1,1,What are the brands of the items that are also bought with items of the brand owning the item 'Junior Science Set- Junior Fizz-ologist'?
528,0.6564538478851318,1,1,What are the brands of the items that are also bought with items of the brand owning the item 'Designer Girl Fashion Tote'?
540,0.6046607494354248,1,1,What are the brands of the items that are also bought with items of the brand owning the item 'My Pretty Pony Pink Girls Horse 2pc Twin Quilt &amp; Sham Set'?
541,0.9270284175872803,1,1,What are the brands of the items that are also bought with items of the brand owning the item 'Black Gray Red Stripes Boys Teen Queen Comforter Set (7 Piece Bed In A Bag)'?
545,0.710991621017456,1,1,What are the brands of the items that are also bought with items of the brand owning the item 'Kids Fluffy Cream Cup Cake Craft &amp; Play Kits Decorate 4 Sweets Creations So Real'?
513,1.0045883655548096,1,1,What are the items of the brand 'Supa'?
520,1.2469761371612549,1,1,What are the items of the brand 'G.P.S. Gem Perfumes S.A.'?
514,1.2130584716796875,1,1,What are the items of the brand 'Heat Press Nation'?
515,0.9109878540039062,1,1,What are the items of the brand 'FridaBaby'?
514,0.8593349456787109,1,1,What are the items of the brand 'Solartech'?
513,0.7228190898895264,1,1,What are the items of the brand 'MEL'?
513,0.6313025951385498,1,1,What are the items of the brand 'CTAG'?
514,0.8238790035247803,1,1,What are the items of the brand 'Flipper Remote'?
521,0.7130649089813232,1,1,What are the items of the brand 'Dr. Bloom&#39;s Chewable Jewels'?
515,0.6216251850128174,1,1,What are the items of the brand 'Three Dots Red'?
520,0.6264955997467041,1,1,What are the items that are bought together with items of the brand 'Solartech'?
519,0.7504522800445557,1,1,What are the items that are bought together with items of the brand 'MEL'?
520,0.6003050804138184,1,1,What are the items that are bought together with items of the brand 'Flipper Remote'?
527,0.7782585620880127,1,1,What are the items that are bought together with items of the brand 'Dr. Bloom&#39;s Chewable Jewels'?
520,0.683509349822998,1,1,What are the items that are bought together with items of the brand 'Worry Free'?
520,0.8527781963348389,1,1,What are the items that are bought together with items of the brand 'G-Technology'?
519,0.6056694984436035,1,1,What are the items that are bought together with items of the brand 'Creative Kids'?
521,1.0519006252288818,1,1,What are the items that are bought together with items of the brand 'PBnJ Baby'?
520,0.7726306915283203,1,1,What are the items that are bought together with items of the brand 'SensiCare'?
521,0.5741879940032959,1,1,What are the items that are bought together with items of the brand 'Blue Ridge Product Solutions'?
524,0.7441754341125488,1,1,What are the brands of the items that are also bought with items of the brand 'Sawgrass Technologies'?
526,0.6171875,1,1,What are the brands of the items that are also bought with items of the brand 'Rockin&#39; Baby'?
522,0.964421272277832,1,1,What are the brands of the items that are also bought with items of the brand 'Ferring'?
524,0.8078386783599854,1,1,What are the brands of the items that are also bought with items of the brand 'Wristy Buddy'?
523,0.5974750518798828,1,1,What are the brands of the items that are also bought with items of the brand 'Boogie Mist'?
522,0.7491915225982666,1,1,What are the brands of the items that are also bought with items of the brand 'Avent'?
522,0.6759066581726074,1,1,What are the brands of the items that are also bought with items of the brand 'ProMeasure'?
524,0.8617382049560547,1,1,What are the brands of the items that are also bought with items of the brand 'Technology Alternatives Corp.'?
525,0.5593960285186768,1,1,What are the brands of the items that are also bought with items of the brand 'E.L.F.Zone'?
522,1.1045629978179932,1,1,What are the brands of the items that are also bought with items of the brand 'GreatCall'?
526,1.1280624866485596,1,1,What items does the brands of the items that are also viewed together with items of the brand 'i-Llink' have?
526,0.9374465942382812,1,1,What items does the brands of the items that are also viewed together with items of the brand 'Bonnie Jean' have?
526,0.7539453506469727,1,1,What items does the brands of the items that are also viewed together with items of the brand 'Kincade' have?
527,1.25199294090271,1,1,What items does the brands of the items that are also viewed together with items of the brand 'Fabrique Delices' have?
530,0.8305749893188477,1,1,What items does the brands of the items that are also viewed together with items of the brand 'Palme d&#39;Or' have?
525,0.5199944972991943,1,1,What items does the brands of the items that are also viewed together with items of the brand 'Belvoir' have?
525,0.6392383575439453,1,1,What items does the brands of the items that are also viewed together with items of the brand 'Silver Fox' have?
526,0.71938157081604,1,1,What items does the brands of the items that are also viewed together with items of the brand 'Paglieri' have?
532,0.7361576557159424,1,1,What items does the brands of the items that are also viewed together with items of the brand 'Paglieri Felce Azzurra' have?
528,0.7882959842681885,1,1,What items does the brands of the items that are also viewed together with items of the brand 'KIKIYU' have?
532,0.665447473526001,2,2,What is the relationship between 'Primus Litech Coffee/Tea Kettle' and 'GSI Outdoors Halulite Ketalist'?
549,1.1914114952087402,2,2,What is the relationship between 'KABAR Mule Folding Knife AUS 8A Plain Clip Point Pocket Clip 3.8&quot; Black BAR3050' and 'Ka-Bar Zombie Mule Serrated Edge Folder Knife'?
536,0.561314582824707,2,2,What is the relationship between 'PoolStyle PS043 Standard Leaf Rake (Discontinued by Manufacturer)' and 'Poolmaster 21182 Premier Pro Aluminum Leaf Rake'?
559,0.7662465572357178,2,2,What is the relationship between 'American Educational 7-422LG-A Borosilicate Glass Short Stemmed Funnel, 50mm Diameter (Box of 5)' and 'Glass Stirring Rod - 6&quot; Long, 5 MM Diameter - 3 Pack'?
543,0.5797252655029297,2,2,What is the relationship between 'The Hungry 4: Rise of the Triad (The Sheriff Penny Miller Series) (Volume 4)' and 'Slow Burn: Infected, Book 2'?
525,0.6397883892059326,2,2,What is the relationship between 'School Stuff' and 'Carson-Dellosa's Clip Art Classics II'?
551,1.2097809314727783,2,2,What is the relationship between 'Delius: Sea Drift; Songs of Farewell; Songs of Sunset' and 'Delius: Violin Concerto; Piano Concerto; Brigg Fair; On hearing the first cuckoo, etc.'?
528,0.8212954998016357,2,2,What is the relationship between 'Playboy Magazine, January/February 2012' and 'The Playboy Book: Forty Years'?
544,0.6606974601745605,2,2,What is the relationship between 'AeroGrow&reg; Gourmet Herb 7 - pod Seed Kit' and 'Miracle-Gro AeroGarden Fresh &amp; Tasty Herb Seed Pod Kit'?
535,0.5783400535583496,2,2,What is the relationship between 'Law Enforcement Police Anti-Riot Protective Shield' and 'Damascus - NH50LB Lightweight Nomex Balaclava (Black)'?
527,0.7750599384307861,2,2,What is the relationship between 'Reinforced Looper Series Gun Belt' and 'Paddle Holster - Straight Drop'?
531,0.8788411617279053,2,2,What is the relationship between 'Cleopatra Satin Bag' and 'Black Angel Cards: A Soul Revival Guide for Black Women'?
537,0.6336784362792969,2,2,What is the relationship between 'Bosch BP976 QuietCast Premium Disc Brake Pad Set' and 'Wagner QC1089 ThermoQuiet Ceramic Disc Brake Pad Set'?
534,0.7789294719696045,2,2,What is the relationship between 'Calico Critters Baby Play Ground Climbing Train' and 'Calico Critters Peaches and Freddy's Swing n Play'?
559,0.7214505672454834,2,2,What is the relationship between 'Sea-Dog 337140-1 Screw Out Deck Plate' and 'Marine Plastic 13-&frac34;&acute;&acute; X 11&acute;&acute; Access Hatch Inspection for Boat &amp; Rv - Five Oceans'?
534,0.5300829410552979,2,2,What is the relationship between 'Magic Capsules Toy INSTANT ZOO: Foam Figures' and 'Ja-Ru Magic Grow Capsules Party Favor Bundle Pack'?
524,0.8221609592437744,2,2,What is the relationship between 'Everything Tastes Better Outdoors' and 'Mediterranean Street Food'?
527,0.689049482345581,2,2,What is the relationship between 'Neff Mau5 Tank Top' and 'RVCA Men's Surf Shark Tank Top'?
557,0.8093225955963135,2,2,What is the relationship between 'Hankook Optimo H724 All-Season Tire - 225/75R15  102S' and 'Kenda Klever M/T KR29 235/75R15 104Q (24297523515CW)'?
538,0.6738343238830566,2,2,What is the relationship between 'Naturesort N1-LP02 Bamboo Laptop Desk, Caramel' and 'Imagine Lap Desk (Computer Desk, Reading Desk, Writing Desk)'?
565,0.916151762008667,2,2,What is the relationship between 'Trademark Fine Art Shenandoah Autumn by Pierre Leclerc Canvas Wall Artwork, 16 by 24-Inch' and '100% Hand Painted Modern Abstract Oil Painting on Canvas Wall Art Deco Home Decoration Tree of Life 5 Pic/set Stretched Ready to Hang'?
521,0.6288487911224365,2,2,What is the relationship between 'Harpo's Ghost' and 'Mingus Ah Um'?
546,0.7713775634765625,2,2,What is the relationship between 'CARIBOU DAYBREAK MORNING BLEND COFFEE 48 K CUPS' and 'DARK MAGIC DECAF EXTRA BOLD COFFEE K CUP 96 COUNT'?
520,0.7665371894836426,2,2,What is the relationship between 'The Art Box Postcards' and 'The House Book'?
531,0.6048450469970703,2,2,What is the relationship between 'TITLE MMA Pro Style Water Bottle' and 'New Bike Bicycle Aluminum Alloy Handlebar Water Bottle Holder Rack Cages'?
544,0.8339860439300537,2,2,What is the relationship between 'Sperry Top-Sider Women's A/O Woven Boat Shoe' and 'Sperry Top-Sider &quot;Authentic Original&quot; 2-Eye Boat Shoe'?
519,1.1462891101837158,2,2,What is the relationship between 'LINQ Programming' and 'Advanced C# Programming'?
560,0.5438117980957031,2,2,What is the relationship between 'USB HDMI Video Audio Dock Adapter to HD TV For IPad2 iPhone4 4S 3GS IPod touch' and 'NEEWER&reg; 1080p HDMI Cable 6 Foot for All HDMI Equipment Neewer Electronics Accessories'?
530,0.9451239109039307,2,2,What is the relationship between 'Huawei Mate2 Case with Smart Window Color Black' and 'onetouch Idol 6030D slate'?
533,0.7616367340087891,2,2,What is the relationship between 'Meco Samsonite Chicory Square Folding Table' and 'Kids Only Disney's Cars Maxium Velocity Activity Table Set'?
537,1.2369003295898438,2,2,What is the relationship between 'Heart BonjourTM Magnetic Keyfinder' and 'SoHo Collection, Grand Central 7 pieces Diaper Bag set *Limited time offer !*'?
538,0.8237643241882324,2,2,What is the relationship between 'Progressive Relaxation (Relaxation &amp; Stress Reduction)' and 'Turn On Your Inner Light: Fitness for Body, Mind and Soul'?
541,0.6549062728881836,2,2,What is the relationship between 'Columbia 1923-1931: The Complete Set' and 'From Ragtime to Jazz, Vol. 3: 1902-1923'?
568,0.7189202308654785,2,2,What is the relationship between 'Islamic Calligraphy - 36&quot;W x 33&quot;H - Peel and Stick Wall Decal by Wallmonkeys' and 'Sunset Amazing Canvas Wall Art Print 5 Stars Gift Startonight Brown Set of 5 Total 36.43 X 98.43 Inch'?
590,0.6603779792785645,2,2,What is the relationship between 'Body Armor Case for Blackberry Curve 8520, 8530, 9300 (AT&amp;T, Verizon, Sprint, T-Mobile) - Pink/Green' and 'BlackBerry(r) Bold(tm) 9000 Made Simple: For the Bold(tm) 9000, 9010, 9020, 9030, and all 90xx Series BlackBerry Smartphones.'?
534,0.7173426151275635,2,2,What is the relationship between 'Mayo Clinic Images in Internal Medicine: Self-Assessment for Board Exam Review' and 'Lecture Notes: Paediatrics'?
540,0.7061636447906494,2,2,What is the relationship between 'HDMI to Mini-HDMI Cable 1.5m M/M' and 'Wasabi Power AC Adapter / Charger for Sony HDR-XR500V'?
540,0.7903046607971191,2,2,What is the relationship between 'Neopets Trading Card Game Two-Player Starter Set' and 'Neopets Collector Species Series 5 Plush with Keyquest Code Red Acara'?
527,0.5917778015136719,2,2,What is the relationship between 'South Park - Butters 7&quot; Plush Figure' and 'Comedy Central'?
521,0.7099194526672363,2,2,What is the relationship between 'Atlas of Radiologic Anatomy' and 'Learning Resources Brain Model'?
550,0.6593561172485352,2,2,What is the relationship between 'Skinmedica Age Defense Retinol Complex, 1-Ounce Pump Bottle' and 'The Eggplant Cancer Cure: A Treatment for Skin Cancer and New Hope for Other Cancers from Nature's Pharmacy'?
536,0.9765284061431885,2,2,What is the relationship between '120 Volt 9W Electric Engraver' and 'RotoZip GP10 Guide Point Zip Bit for Drywall (10-Pack)'?
522,0.7273502349853516,2,2,What is the relationship between 'Chicago Police Officer Badge Pin 1&quot;' and 'Strong Leather'?
534,0.7093071937561035,2,2,What is the relationship between 'Springfield Leather Company Burgundy Latigo Leather Strip 2&quot;x72&quot;' and 'Toner Beginners Hemp Jewelry Kit'?
567,0.5707950592041016,2,2,What is the relationship between 'Dayton Sander, Belt/Disc - 6Y945' and 'DELTA 31-735A 6-Inch/12-Inch 1-1/2 Horsepower Belt/Disc Sander with Magnetic Switch and Dust Bag, 230-Volt 1 Phase'?
539,0.7872340679168701,2,2,What is the relationship between 'Ibanez IDGB5 Double Electric Guitar Bag with Wheels Double Electric Guitar Bag' and 'Profile PRCB906-RD Soft Classic Guitar Case'?
530,0.7991325855255127,2,2,What is the relationship between 'Dora the Explorer Inflatable Ball Playard' and 'Fisher-Price Baby Playzone Basketball'?
529,0.5939507484436035,2,2,What is the relationship between 'FantaSea 3 piece Exfoliating Set' and '15pcs Nail Art Painting Pen Brush'?
521,0.8073880672454834,2,2,What is the relationship between 'TuffRider Garment Bag' and 'Bond Street'?
552,0.6098535060882568,2,2,What is the relationship between 'Supervisor's Portable Answer Book' and 'A Professional's Guide to Decision Science and Problem Solving: An Integrated Approach for Assessing Issues, Finding Solutions, and Reaching Corporate Objectives (FT Press Operations Management)'?
547,1.0837550163269043,2,2,What is the relationship between 'Godefroy Shape &amp; Tint - Permanent Eyebrow Color &amp; Shaping Kit - Natural Black' and 'Prima Tint Stain Remover 10 oz.'?
588,0.7668225765228271,2,2,What is the relationship between 'Dell 2.8 Ghz. Super Fast Optiplex Pro GX 1 Computer, Gigantic 750GB Hard Drive, 4GB RAM, CDRW/DVD Combo, Intel P4 Single Core Multimedia Desktop PC, includes New Licensed Windows XP 2 Operating System and Genuine Sealed CD, SP 3' and 'Dell Vostro All-in-One Desktop'?
539,0.7178728580474854,2,2,What is the relationship between 'Precalculus: A Graphing Approach, Enhanced Edition (with Enhanced WebAssign 1-Semester Printed Access Card)' and 'Pre Calculus'?
535,0.7562985420227051,2,2,What is the relationship between 'Crocheted Blankets For Baby' and 'Kids Playful Sweaters to Crochet  (Leisure Arts #3826)'?
523,0.9212186336517334,2,2,What is the relationship between 'Mark My Time' and 'The Purpose-Driven Life, Leather Bookmark'?
570,1.0921061038970947,2,2,What is the relationship between 'Neewer&reg; Replacement Touch Glass Screen Digitizer Lens Panel For Sprint HTC EVO 4G' and 'Wall AC Plug + Car Charger for Canon BP-511 Battery (2 Replacement Batteries Included) - PowerShot G1, G2, G3, G5, G6'?
573,0.9004850387573242,2,2,What is the relationship between 'RAP-B-166-2-GA35U: RAM Windshield Mount for Garmin Nuvi 1450 1490T' and 'Professional Kingston MicroSDHC 4GB (4 Gigabyte) Card for Garmin Nuvi 350 with custom formatting and Standard SD Adapter. (SDHC Class 4 Certified)'?
530,0.8119714260101318,2,2,What is the relationship between 'Think UNIX' and 'Looking At Philosophy: The Unbearable Heaviness of Philosophy Made Lighter'?
539,1.6816728115081787,2,2,What is the relationship between 'Icebreaker Women's Sprite Racerback Tank Top, Metro, X-Small' and 'Democracy Women's Cardigan Sweater with Pyramid Stud'?
541,0.7726655006408691,2,2,What is the relationship between 'Scott Hawaii Makaha Black Flipflop - The Original Slippah!' and 'Sanuk Women's Yoga Twist Flip Flop,Brown,7 M US'?
533,0.6474361419677734,2,2,What is the relationship between 'Pour La Victoire Women's Dayton Ankle Boot' and 'Easy Spirit Women's Leavy Slip-On Loafer'?
553,0.9025061130523682,2,2,What is the relationship between 'Pawhut 32&quot; 8 Panel Heavy Duty Pet Dog Portable Exercise Playpen' and 'Haley's Hints Green Edition: 1000 Great Tips to Save Time, Money, and the Planet!'?
539,0.8221254348754883,2,2,What is the relationship between 'The Interpreter's Dictionary of the Bible: An Illustrated Encyclopedia (4 Volumes)' and 'REB New Testament Compact Green Flexibind RE21N'?
545,1.1075189113616943,2,2,What is the relationship between 'All Sport Blue Raz Ice Powder Drink Mix (Pack of 8 Pouches)' and 'Starbucks Coffee Bold Roast, Ground, Caffe Verona, 12 oz'?
545,0.8252980709075928,2,2,What is the relationship between 'Cordoba C7 SP Acoustic Nylon String Classical Guitar' and 'STAX SRM-007TA SRM-007TII DRIVER UNIT HEADPHONE AMP [Japan Import]'?
539,0.6607456207275391,2,2,What is the relationship between 'Apple iPod 4 GB mini M9434LL/A (Green)  (Discontinued by Manufacturer)' and 'The A-Team - Season Four'?
652,0.7058312892913818,2,2,What is the relationship between 'Dell Latitude E5400 E5500 Battery, Part Number 0X064D, T749D, KM760, KM769, 312-0762, KM760, KM769' and '14.40V (Compatible with 14.80V),3000mAh,Ni-MH,Hi-quality Replacement Power Tools Battery for RYOBI CTH1442, CTH1442K2, FL1400 / HP, R Series, Compatible Part Numbers: 1314702, 1400144, 1400655, 1400656, 1400671, 4400011, 130224010, 130224011, 130281002'?
540,0.6844227313995361,2,2,What is the relationship between 'Dorman 740-805 Front Driver Side Replacement Power Window Regulator for Volkswagen Passat' and 'Basic Single Tap Jockey Box Kit - No Cooler'?
557,0.7735574245452881,2,2,What is the relationship between 'Firemist Orange QUALITY ACRYLIC ENAMEL Car Auto Paint' and 'Bessey SG-8WP SuperGrip 8-Inch Jaw Capacity 2-1/2-Inch Throat Depth Gripping Plier'?
525,1.319718837738037,2,2,What is the relationship between 'Adesso Twist Floor Lamp, Dark Walnut' and 'Jandorf Lamp Socket'?
547,0.7272570133209229,2,2,What is the relationship between 'Star Wars Original Trilogy Collection #32 Lando Calrissian Skiff Guard Disguise Action Figure' and 'Tech Tools Desktop Madness Series Stop Hand Bookends (HS-8003)'?
541,1.1339218616485596,2,2,What is the relationship between 'Hanna Kay Mattress Protector Waterproof Breathable and Hypoallergenic Twin Size' and 'KENNEDY 297 7 Drawer Roller Cabinet Brown'?
559,1.1529572010040283,2,2,What is the relationship between 'Titan XT330 Reconditioned Airless Paint Sprayer, 3000 psi Maximum Pressure, 0.33 GPM Flow Rate' and 'Werner T372 300-Pound Duty Rating Aluminum Twin Stepladder, 2-Foot'?
527,1.3324286937713623,2,2,What is the relationship between 'Creative Zen Vision 30 GB Multimedia Player (White)' and 'MP3 For Dummies'?
532,0.619403600692749,2,2,What is the relationship between 'Sony 64GB XQD S-Series Memory Card (QD-S64/T)' and 'Class on Demand'?
546,0.6644392013549805,2,2,What is the relationship between 'Managing Business Ethics:; Straight Talk About How To Do It Right [PB,2006]' and 'Instant Case Studies: How to Design, Adapt, and Use Case Studies in Training'?
565,1.3411569595336914,2,2,What is the relationship between '30 pack - 7x11 Oval Reactive Splatter Targets - GlowShot - Multi Color - See Your Hits Instantly - Gun, Rifle &amp; Airsoft Targets (75 Pack)' and 'CybrTrayd SMARTPHONE CHOCOLATE CANDY MOLD'?
544,0.746021032333374,2,2,What is the relationship between 'Ciao Sicily: Recipes from the PBS Series Cucina Sicilia (Ciao Series)' and 'Breadtime Stories: A Cookbook for Bakers and Browsers'?
550,1.159512996673584,2,2,What is the relationship between 'JBlue Jewelry Men's Stainless Steel Pendant Necklace Agate Black Silver Pencil Classic-with 23 inch Chain (with Gift Bag)' and 'LEGO&reg; LGS Pirate Plank 3848'?
543,1.1004626750946045,2,2,What is the relationship between 'Sucking the Marrow Out of Life : The John Maclean Story' and 'Many Were Held by the Sea: The Tragic Sinking of HMS Otranto'?
536,1.6042571067810059,3,3,Have the items of the brands 'Ranger' and 'Heat Press Nation' ever both been also bought with some other items, and if so, what are those items?
540,0.6493740081787109,3,3,Have the items of the brands 'BabyComfyNose' and 'FridaBaby' ever both been also bought with some other items, and if so, what are those items?
536,0.7656722068786621,3,3,Have the items of the brands 'Smead' and 'MEL' ever both been also bought with some other items, and if so, what are those items?
537,0.6382870674133301,3,3,Have the items of the brands 'The Young Scientists Club' and 'CTAG' ever both been also bought with some other items, and if so, what are those items?
537,0.6040291786193848,3,3,Have the items of the brands 'Northwestern Bell' and 'Flipper Remote' ever both been also bought with some other items, and if so, what are those items?
545,0.8880813121795654,3,3,Have the items of the brands 'The Pencil Grip' and 'Dr. Bloom&#39;s Chewable Jewels' ever both been also bought with some other items, and if so, what are those items?
536,0.8149635791778564,3,3,Have the items of the brands 'Style' and 'Three Dots Red' ever both been also bought with some other items, and if so, what are those items?
536,0.8027701377868652,3,3,Have the items of the brands 'NZXT Technologies' and 'Razer' ever both been also bought with some other items, and if so, what are those items?
539,0.8553848266601562,3,3,Have the items of the brands 'Field Sport Inc' and 'kickassdecals.com' ever both been also bought with some other items, and if so, what are those items?
536,0.6876473426818848,3,3,Have the items of the brands 'Amico' and 'Kawell' ever both been also bought with some other items, and if so, what are those items?
536,0.7054378986358643,3,3,Have the items of the brands 'Ortho' and 'Worry Free' ever both been also bought with some other items, and if so, what are those items?
537,1.7522706985473633,3,3,Have the items of the brands 'Twelve South' and 'G-Technology' ever both been also bought with some other items, and if so, what are those items?
535,0.811697244644165,3,3,Have the items of the brands 'Fun Express' and 'Time Timer' ever both been also bought with some other items, and if so, what are those items?
534,0.631051778793335,3,3,Have the items of the brands 'Disney' and 'Creative Kids' ever both been also bought with some other items, and if so, what are those items?
535,0.6437013149261475,3,3,Have the items of the brands 'Kreg' and 'Component Hardware' ever both been also bought with some other items, and if so, what are those items?
542,0.6166706085205078,3,3,Have the items of the brands 'Beanie Babies' and 'Ty Beanie Baby - Gecko - Gecko' ever both been also bought with some other items, and if so, what are those items?
537,0.5614516735076904,3,3,Have the items of the brands 'GroVia' and 'PBnJ Baby' ever both been also bought with some other items, and if so, what are those items?
536,0.7237601280212402,3,3,Have the items of the brands 'Unknown' and 'Tab Diet Cola' ever both been also bought with some other items, and if so, what are those items?
537,0.7466592788696289,3,3,Have the items of the brands 'Mutual Harvest Marketing' and 'Titan Controls' ever both been also bought with some other items, and if so, what are those items?
538,0.6147019863128662,3,3,Have the items of the brands '3M' and '3M HEALTHCARE' ever both been also bought with some other items, and if so, what are those items?
540,0.7165100574493408,3,3,Have the items of the brands 'NoseFrida' and 'FridaBaby' ever both been bought after viewing some other items, and if so, what are those items?
536,0.7266974449157715,3,3,Have the items of the brands 'RCA' and 'Flipper Remote' ever both been bought after viewing some other items, and if so, what are those items?
536,0.540475606918335,3,3,Have the items of the brands 'Cooler Master' and 'Razer' ever both been bought after viewing some other items, and if so, what are those items?
537,0.7414500713348389,3,3,Have the items of the brands 'Astra Depot' and 'Kawell' ever both been bought after viewing some other items, and if so, what are those items?
535,1.2988786697387695,3,3,Have the items of the brands 'Apple' and 'G-Technology' ever both been bought after viewing some other items, and if so, what are those items?
538,0.8208396434783936,3,3,Have the items of the brands 'Ulubulu' and 'PBnJ Baby' ever both been bought after viewing some other items, and if so, what are those items?
536,0.7683544158935547,3,3,Have the items of the brands 'Hydrofarm' and 'Titan Controls' ever both been bought after viewing some other items, and if so, what are those items?
538,0.8267195224761963,3,3,Have the items of the brands 'eForCity' and 'DigitalsOnDemand' ever both been bought after viewing some other items, and if so, what are those items?
539,0.7791290283203125,3,3,Have the items of the brands 'Lord &amp; Hodge' and 'Pro Tools' ever both been bought after viewing some other items, and if so, what are those items?
537,0.8320493698120117,3,3,Have the items of the brands 'Cmple' and 'Citi Electronics' ever both been bought after viewing some other items, and if so, what are those items?
537,0.7994520664215088,3,3,Have the items of the brands 'Generic' and 'Neewer&reg;' ever both been bought after viewing some other items, and if so, what are those items?
537,0.9244749546051025,3,3,Have the items of the brands 'AblePlanet' and 'Able Planet' ever both been bought after viewing some other items, and if so, what are those items?
535,0.8087668418884277,3,3,Have the items of the brands 'Monkey Hook' and 'Super Hook' ever both been bought after viewing some other items, and if so, what are those items?
539,0.8064332008361816,3,3,Have the items of the brands 'Sojitek' and 'Furinno' ever both been bought after viewing some other items, and if so, what are those items?
536,0.7811775207519531,3,3,Have the items of the brands 'Eiko' and 'Divine Lighting' ever both been bought after viewing some other items, and if so, what are those items?
538,0.7546451091766357,3,3,Have the items of the brands 'Pura Kiki' and 'organicKidz' ever both been bought after viewing some other items, and if so, what are those items?
538,0.588862419128418,3,3,Have the items of the brands 'The First Years' and 'Nurtria' ever both been bought after viewing some other items, and if so, what are those items?
536,0.6506493091583252,3,3,Have the items of the brands 'Simran' and 'LiteFuze' ever both been bought after viewing some other items, and if so, what are those items?
535,0.654961109161377,3,3,Have the items of the brands 'Garmin' and 'CCity' ever both been bought after viewing some other items, and if so, what are those items?
542,1.6326603889465332,3,3,Have the items of the brands 'Silly Billyz' and 'Mum 2 Mum Wonder Bib' ever both been bought after viewing some other items, and if so, what are those items?
535,0.7787289619445801,3,3,Have the items of the brands 'Ranger' and 'Heat Press Nation' ever been viewed together with some other items, and if so, what are those items?
538,0.9066252708435059,3,3,Have the items of the brands 'Fisher-Price' and 'FridaBaby' ever been viewed together with some other items, and if so, what are those items?
535,0.6908142566680908,3,3,Have the items of the brands 'Tracer' and 'Solartech' ever been viewed together with some other items, and if so, what are those items?
535,0.7040266990661621,3,3,Have the items of the brands 'Phinex' and 'MEL' ever been viewed together with some other items, and if so, what are those items?
534,1.1304864883422852,3,3,Have the items of the brands 'Sony' and 'Flipper Remote' ever been viewed together with some other items, and if so, what are those items?
544,0.5930235385894775,3,3,Have the items of the brands 'Chewbeads' and 'Dr. Bloom&#39;s Chewable Jewels' ever been viewed together with some other items, and if so, what are those items?
535,0.8774633407592773,3,3,Have the items of the brands 'Alienware' and 'Razer' ever been viewed together with some other items, and if so, what are those items?
534,0.7526967525482178,3,3,Have the items of the brands 'Brother' and 'Animal Designs' ever been viewed together with some other items, and if so, what are those items?
535,0.7191228866577148,3,3,Have the items of the brands 'WinCraft' and 'Falcontwins' ever been viewed together with some other items, and if so, what are those items?
538,0.8288967609405518,3,3,Have the items of the brands 'dcows.com' and 'kickassdecals.com' ever been viewed together with some other items, and if so, what are those items?
537,0.6665792465209961,3,3,Have the items of the brands 'GLI Pool Products' and 'Sun Dome Inc.' ever been viewed together with some other items, and if so, what are those items?
536,0.6154766082763672,3,3,Have the items of the brands 'Rigid Industries' and 'Kawell' ever been viewed together with some other items, and if so, what are those items?
536,0.5973613262176514,3,3,Have the items of the brands 'Intex' and 'Final Filtration' ever been viewed together with some other items, and if so, what are those items?
535,0.8703186511993408,3,3,Have the items of the brands 'Liquid Fence' and 'Worry Free' ever been viewed together with some other items, and if so, what are those items?
536,0.6047005653381348,3,3,Have the items of the brands 'BELKIN' and 'G-Technology' ever been viewed together with some other items, and if so, what are those items?
535,0.684830904006958,3,3,Have the items of the brands 'Niagara Conservation' and 'Time Timer' ever been viewed together with some other items, and if so, what are those items?
535,0.6921508312225342,3,3,Have the items of the brands 'Bendon Publishing' and 'Creative Kids' ever been viewed together with some other items, and if so, what are those items?
537,0.6681745052337646,3,3,Have the items of the brands 'Twinlab' and 'IDS BetaNOX' ever been viewed together with some other items, and if so, what are those items?
537,0.7254781723022461,3,3,Have the items of the brands 'Cytosport' and 'Mega Pro' ever been viewed together with some other items, and if so, what are those items?
534,0.9139096736907959,3,3,Have the items of the brands 'Ikea' and 'Component Hardware' ever been viewed together with some other items, and if so, what are those items?
539,0.6263010501861572,3,3,Have the items of the brands 'NoseFrida' and 'FridaBaby' ever been bought together with some other items, and if so, what are those items?
537,0.78481125831604,3,3,Have the items of the brands 'Axpertec Inc' and 'Razer' ever been bought together with some other items, and if so, what are those items?
535,0.8591659069061279,3,3,Have the items of the brands 'Daystar' and 'Kawell' ever been bought together with some other items, and if so, what are those items?
536,0.5782394409179688,3,3,Have the items of the brands 'LaCie' and 'G-Technology' ever been bought together with some other items, and if so, what are those items?
536,0.6730060577392578,3,3,Have the items of the brands 'Skip Hop' and 'PBnJ Baby' ever been bought together with some other items, and if so, what are those items?
535,0.6236100196838379,3,3,Have the items of the brands 'AutoPilot' and 'Titan Controls' ever been bought together with some other items, and if so, what are those items?
537,0.7021205425262451,3,3,Have the items of the brands 'Quilted Northern' and 'Coffee Bean Direct' ever been bought together with some other items, and if so, what are those items?
538,0.6159532070159912,3,3,Have the items of the brands 'Forum Novelties' and 'Blue Ridge Product Solutions' ever been bought together with some other items, and if so, what are those items?
537,0.68076491355896,3,3,Have the items of the brands 'WeGlow International' and 'Flashing Panda' ever been bought together with some other items, and if so, what are those items?
537,0.8769388198852539,3,3,Have the items of the brands 'Kershaw' and 'DAJO Adventure Gear' ever been bought together with some other items, and if so, what are those items?
538,0.7278883457183838,3,3,Have the items of the brands 'GREEN SPROUTS' and 'Ringley' ever been bought together with some other items, and if so, what are those items?
535,1.1654078960418701,3,3,Have the items of the brands 'BlackBerry' and 'BlackeBerry' ever been bought together with some other items, and if so, what are those items?
539,0.9869205951690674,3,3,Have the items of the brands 'Rachael Ray' and 'Cook&#39;s Corner' ever been bought together with some other items, and if so, what are those items?
537,0.725304365158081,3,3,Have the items of the brands 'Pond&#39;s' and 'POND' ever been bought together with some other items, and if so, what are those items?
543,0.8884720802307129,3,3,Have the items of the brands 'Dettol' and 'Reckitt Benckiser(India) Limited' ever been bought together with some other items, and if so, what are those items?
534,0.6101617813110352,3,3,Have the items of the brands 'Sebastian' and 'Designer Warehouse' ever been bought together with some other items, and if so, what are those items?
536,0.5988481044769287,3,3,Have the items of the brands 'Star Wars' and 'Lucasfilm Ltd' ever been bought together with some other items, and if so, what are those items?
537,0.5751237869262695,3,3,Have the items of the brands 'HJC Helmets' and 'HJC Accessories' ever been bought together with some other items, and if so, what are those items?
536,0.718637228012085,3,3,Have the items of the brands 'Swim Time' and 'Splash Net Express' ever been bought together with some other items, and if so, what are those items?
535,1.31687593460083,3,3,Have the items of the brands 'Big Mouth Toys' and 'BMT' ever been bought together with some other items, and if so, what are those items?
